Foto,Latitude,Longitude,Local
2019-10-19_02-14-38_UTC.jpg,-8.504167,-35.001111,Porto de Galinhas
2018-09-10_23-27-44_UTC_3.jpg 2018-09-10_23-27-44_UTC_2.jpg 2018-09-10_23-27-44_UTC_1.jpg,,,
2018-07-12_16-25-14_UTC.jpg,,,bahia de todos os santos
2019-07-19_13-41-33_UTC.jpg,-8.7630169081,-35.1042623818,ICMBio Costa dos Corais
2019-11-20_09-03-08_UTC_2.jpg 2019-11-20_09-03-08_UTC_1.jpg 2019-11-20_09-03-08_UTC_3.jpg,,,UFRN
2019-11-19_21-19-08_UTC.jpg,-24.31667,-46.18333,Laje de Santos
2018-11-09_00-23-54_UTC.jpg,,,
2019-05-01_11-41-46_UTC.jpg,-3.8449,-32.40868,Fernando de Noronha
2020-04-20_19-11-41_UTC.jpg,,,
2019-02-28_22-09-27_UTC.jpg,,,
2018-06-21_09-45-58_UTC.jpg,-22.9774,-42.0267,arraial do cabo
2019-03-29_14-11-05_UTC.jpg,-9.46442,-35.55228,"Paripueira, Alagoas, Brazil"
2019-10-31_19-13-46_UTC.jpg,,,
2019-11-08_13-01-28_UTC.jpg,-9.0130128009,-35.2213435797,Maragogi Piscinas Naturais
2018-08-03_15-01-10_UTC.jpg,,,
2020-01-13_23-57-51_UTC.jpg,-8.75665,-35.1033,tamandaré
2019-11-06_12-12-12_UTC.jpg,-16.7982,-49.2742,Aparecida de Goiânia
2016-10-26_20-21-51_UTC.jpg,,,
2020-01-11_10-41-20_UTC.jpg,-7.1150899999999995,-34.8641,joão pessoa
2020-01-30_22-42-50_UTC_2.jpg 2020-01-30_22-42-50_UTC_3.jpg 2020-01-30_22-42-50_UTC_1.jpg,,,
2019-11-12_23-07-22_UTC_3.jpg 2019-11-12_23-07-22_UTC_2.jpg 2019-11-12_23-07-22_UTC_1.jpg,,,
2019-11-06_03-24-46_UTC.jpg,,,
2019-10-19_14-04-52_UTC.jpg,,,
2019-10-10_23-37-25_UTC_2.jpg 2019-10-10_23-37-25_UTC_1.jpg,,,
2019-06-11_22-59-37_UTC.jpg,,,
2019-05-05_16-06-10_UTC.jpg,-5.8008,-35.2095,"Natal, Rio Grande do Norte"
2019-01-26_00-59-44_UTC.jpg,,,
2019-10-22_23-10-43_UTC.jpg,,,
2019-02-27_10-11-56_UTC.jpg,-23.622171,-46.411453,Parque Estadual Marinho da Laje de Santos
2018-12-02_23-50-30_UTC.jpg,-7.1150899999999995,-34.8641,joão pessoa
2018-08-06_23-48-56_UTC_1.jpg 2018-08-06_23-48-56_UTC_2.jpg,,,maracajau
2020-01-17_23-43-42_UTC.jpg,-5.2717347064,-35.3831888366,Parrachos Rio do Fogo
2018-12-18_23-35-20_UTC_1.jpg 2018-12-18_23-35-20_UTC_2.jpg,,,abrolhos
2019-10-27_22-04-27_UTC_5.jpg 2019-10-27_22-04-27_UTC_2.jpg 2019-10-27_22-04-27_UTC_1.jpg 2019-10-27_22-04-27_UTC_3.jpg 2019-10-27_22-04-27_UTC_4.jpg,-10.1333,-36.1667,Pontal De Coruripe
2019-03-28_15-30-35_UTC.jpg,-17.73775687,-39.2595705767,Parque Nacional Marinho dos Abrolhos
2018-08-12_23-41-48_UTC.jpg,,,
2019-04-01_22-39-47_UTC.jpg,-22.9888961892,-42.0128130913,Prainhas - Pontal Do Atalaia
2019-11-02_08-18-57_UTC_1.jpg 2019-11-02_08-18-57_UTC_2.jpg,,,
2020-03-24_23-08-02_UTC.jpg,,,
2019-02-11_01-00-28_UTC_2.jpg 2019-02-11_01-00-28_UTC_1.jpg,,,Arraial Do Cabo - Rio de Janeiro
2018-09-04_09-44-39_UTC.jpg,,,abrolhos
2020-05-04_16-43-07_UTC_1.jpg 2020-05-04_16-43-07_UTC_2.jpg,-9.08746,-35.2634,japaratinga
2019-10-08_23-15-25_UTC.jpg,,,
2019-06-19_11-39-10_UTC.jpg,-9.08746,-35.2634,japaratinga
2018-08-24_00-02-51_UTC.jpg,,,
2019-05-28_23-31-17_UTC.jpg,,,
2019-12-16_20-51-32_UTC.jpg,-22.76914,-41.78942,Ilha da Âncora
2020-02-10_23-08-55_UTC.jpg,-7.161,-34.8705,João Pessoa - Paraíba
2019-02-26_10-51-17_UTC.jpg,-23.622171,-46.411453,Parque Estadual Marinho da Laje de Santos
2017-08-15_17-29-41_UTC.jpg,,,
2019-05-25_12-40-23_UTC.jpg,-5.4125015649,-35.3100113021,"Maracajaú, Rio Grande Do Norte, Brazil"
2019-08-22_22-10-10_UTC.jpg,-28.4498,-52.1986,maraú
2018-12-23_18-33-22_UTC.jpg,-7.1150899999999995,-34.8641,joão pessoa
2020-05-01_17-51-40_UTC.jpg,,,
2020-03-29_15-02-42_UTC.jpg,-5.79068,-35.3257,são gonçalo do amarante
2019-01-14_00-23-37_UTC_3.jpg 2019-01-14_00-23-37_UTC_8.jpg 2019-01-14_00-23-37_UTC_7.jpg 2019-01-14_00-23-37_UTC_2.jpg 2019-01-14_00-23-37_UTC_6.jpg 2019-01-14_00-23-37_UTC_9.jpg 2019-01-14_00-23-37_UTC_5.jpg 2019-01-14_00-23-37_UTC_1.jpg 2019-01-14_00-23-37_UTC_4.jpg,-23.1413034706,-44.1673962165,Lagoa Verde Ilha Grande
2018-10-05_12-03-21_UTC.jpg,-3.8396,-32.4107,fernando de noronha
2019-01-03_22-37-06_UTC.jpg,,,
2019-06-14_08-16-13_UTC.jpg,-24.31667,-46.18333,Laje de Santos
2019-03-22_02-57-32_UTC.jpg,-5.2765,-35.3794,rio do fogo
2019-04-27_16-45-53_UTC.jpg,-9.08746,-35.2634,japaratinga
2019-12-24_22-44-23_UTC.jpg,,,
2019-05-06_11-11-57_UTC.jpg,-9.08746,-35.2634,japaratinga
2018-06-22_00-25-37_UTC_2.jpg 2018-06-22_00-25-37_UTC_1.jpg 2018-06-22_00-25-37_UTC_3.jpg,,,
2020-02-13_23-55-20_UTC_4.jpg 2020-02-13_23-55-20_UTC_2.jpg 2020-02-13_23-55-20_UTC_3.jpg 2020-02-13_23-55-20_UTC_1.jpg,-12.9718,-38.5011,salvador
2018-09-17_19-48-56_UTC.jpg,,,
2018-12-20_11-10-54_UTC.jpg,-3.8396,-32.4107,fernando de noronha
2020-05-21_15-01-10_UTC.jpg,,,
2019-02-25_14-24-57_UTC.jpg,-8.7630169081,-35.1042623818,ICMBio Costa dos Corais
2019-01-25_13-51-21_UTC.jpg,-7.0763381,-34.8304877,Caribessa
2020-02-18_23-23-42_UTC.jpg,,,
2020-01-16_23-56-22_UTC.jpg,-9.014301234,-35.222041477,Maragogi - Alagoas - Caribe Brasileiro
2019-06-20_22-12-15_UTC_1.jpg 2019-06-20_22-12-15_UTC_2.jpg,,,
2020-04-19_17-50-55_UTC.jpg,-24.31667,-46.18333,Laje de Santos
2019-11-06_12-13-54_UTC.jpg,-16.707067898,-49.2701840401,Faculdade Araguaia
2019-02-10_18-19-51_UTC.jpg,-17.1162261478,-39.1897763152,"Cumuruxatiba, Bahia, Brazil"
2019-07-09_22-35-03_UTC.jpg,,,
2020-05-25_19-53-14_UTC.jpg,,,
2020-02-06_20-54-29_UTC_4.jpg 2020-02-06_20-54-29_UTC_8.jpg 2020-02-06_20-54-29_UTC_10.jpg 2020-02-06_20-54-29_UTC_1.jpg 2020-02-06_20-54-29_UTC_9.jpg 2020-02-06_20-54-29_UTC_3.jpg 2020-02-06_20-54-29_UTC_7.jpg 2020-02-06_20-54-29_UTC_5.jpg 2020-02-06_20-54-29_UTC_6.jpg 2020-02-06_20-54-29_UTC_2.jpg,-22.9066993767,-43.1326638299,UFF - Núcleo de Estudos em Biomassa e Gerenciamento de Águas (NAB)
2019-05-22_16-21-00_UTC_2.jpg 2019-05-22_16-21-00_UTC_3.jpg 2019-05-22_16-21-00_UTC_1.jpg,-17.73775687,-39.2595705767,Parque Nacional Marinho dos Abrolhos
2018-11-30_22-25-57_UTC_2.jpg 2018-11-30_22-25-57_UTC_1.jpg 2018-11-30_22-25-57_UTC_3.jpg,,,
2019-12-06_16-26-47_UTC_2.jpg 2019-12-06_16-26-47_UTC_1.jpg,,,
2019-12-26_23-20-06_UTC.jpg,,,
2020-06-02_19-52-52_UTC.jpg,-8.046660000000001,-34.8771,recife
2020-01-14_09-35-43_UTC.jpg,-8.75665,-35.1033,tamandaré
2020-05-14_22-56-55_UTC.jpg,,,
2018-11-18_16-13-44_UTC.jpg,,,maracajau
2019-11-05_22-58-49_UTC_1.jpg 2019-11-05_22-58-49_UTC_3.jpg 2019-11-05_22-58-49_UTC_2.jpg,,,
2019-05-03_16-01-21_UTC_3.jpg 2019-05-03_16-01-21_UTC_1.jpg 2019-05-03_16-01-21_UTC_2.jpg,-7.1592847871,-34.8544962266,Centro Universitário UNIPÊ
2019-01-10_22-55-02_UTC.jpg,,,
2019-02-17_21-49-28_UTC_2.jpg 2019-02-17_21-49-28_UTC_10.jpg 2019-02-17_21-49-28_UTC_8.jpg 2019-02-17_21-49-28_UTC_6.jpg 2019-02-17_21-49-28_UTC_7.jpg 2019-02-17_21-49-28_UTC_4.jpg 2019-02-17_21-49-28_UTC_3.jpg 2019-02-17_21-49-28_UTC_1.jpg 2019-02-17_21-49-28_UTC_9.jpg 2019-02-17_21-49-28_UTC_5.jpg,-23.82396,-45.36689,"Ilhabela, Sao Paulo, Brazil"
2018-12-06_14-15-14_UTC.jpg,,,maracajau
2018-11-01_22-13-59_UTC_2.jpg 2018-11-01_22-13-59_UTC_1.jpg,,,
2016-01-06_17-01-53_UTC.jpg,,,abrolhos
2018-10-04_22-54-51_UTC.jpg,,,
2020-01-22_11-43-09_UTC.jpg,-8.89788,-35.14476,"São José Da Coroa Grande, Pernambuco, Brazil"
2019-02-08_04-10-09_UTC.jpg,-23.622171,-46.411453,Parque Estadual Marinho da Laje de Santos
2019-11-21_22-45-18_UTC_6.jpg 2019-11-21_22-45-18_UTC_7.jpg 2019-11-21_22-45-18_UTC_3.jpg 2019-11-21_22-45-18_UTC_9.jpg 2019-11-21_22-45-18_UTC_5.jpg 2019-11-21_22-45-18_UTC_1.jpg 2019-11-21_22-45-18_UTC_2.jpg 2019-11-21_22-45-18_UTC_8.jpg 2019-11-21_22-45-18_UTC_4.jpg,,,
2020-03-17_22-32-14_UTC_3.jpg 2020-03-17_22-32-14_UTC_4.jpg 2020-03-17_22-32-14_UTC_1.jpg 2020-03-17_22-32-14_UTC_2.jpg,,,
2019-12-29_22-41-17_UTC.jpg,-9.014301234,-35.222041477,Maragogi - Alagoas - Caribe Brasileiro
2018-08-04_15-11-02_UTC.jpg,-5.2765,-35.3794,rio do fogo
2018-07-25_00-38-15_UTC.jpg,,,
2019-01-24_23-04-32_UTC_1.jpg 2019-01-24_23-04-32_UTC_2.jpg,,,
2018-07-15_20-28-47_UTC.jpg,,,
2019-04-03_01-23-42_UTC.jpg,-7.0656390736,-34.8412517907,"Praia Do Bessa, João Pessoa, Paraiba"
2018-12-24_23-13-28_UTC.jpg,,,
2020-02-10_10-41-53_UTC.jpg,-24.31667,-46.18333,Laje de Santos
2020-05-07_23-07-51_UTC_2.jpg 2020-05-07_23-07-51_UTC_4.jpg 2020-05-07_23-07-51_UTC_3.jpg 2020-05-07_23-07-51_UTC_1.jpg,,,
2020-04-16_13-04-36_UTC_6.jpg 2020-04-16_13-04-36_UTC_3.jpg 2020-04-16_13-04-36_UTC_5.jpg 2020-04-16_13-04-36_UTC_4.jpg 2020-04-16_13-04-36_UTC_2.jpg 2020-04-16_13-04-36_UTC_1.jpg 2020-04-16_13-04-36_UTC_8.jpg 2020-04-16_13-04-36_UTC_7.jpg,,,
2020-02-18_01-41-05_UTC.jpg,-24.0998552421,-45.690742097,Arquipélago dos Alcatrazes
2019-01-29_16-07-58_UTC.jpg,-9.15981,-35.29598,"Pôrto De Pedras, Alagoas, Brazil"
2020-04-07_15-35-05_UTC.jpg,-9.08746,-35.2634,japaratinga
2018-07-26_22-00-00_UTC.jpg,,,
2020-02-27_22-53-13_UTC.jpg,,,
2018-11-28_23-19-40_UTC_1.jpg 2018-11-28_23-19-40_UTC_2.jpg,,,
2019-12-06_12-25-46_UTC_4.jpg 2019-12-06_12-25-46_UTC_2.jpg 2019-12-06_12-25-46_UTC_1.jpg 2019-12-06_12-25-46_UTC_3.jpg 2019-12-06_12-25-46_UTC_5.jpg,-17.3127030943,-44.9969744682,Arraial d'Ajuda
2019-03-21_22-47-11_UTC_2.jpg 2019-03-21_22-47-11_UTC_1.jpg,,,
2020-02-14_12-01-51_UTC.jpg,-8.504167,-35.001111,Porto de Galinhas
2019-08-01_23-34-32_UTC.jpg,,,
2020-04-09_22-43-10_UTC_1.jpg 2020-04-09_22-43-10_UTC_2.jpg,,,
2018-11-09_18-06-29_UTC.jpg,-3.8396,-32.4107,fernando de noronha
2019-12-04_16-10-44_UTC.jpg,,,
2019-10-30_12-22-04_UTC.jpg,,,
2020-01-28_22-35-45_UTC_1.jpg 2020-01-28_22-35-45_UTC_2.jpg,,,
2018-09-20_22-19-13_UTC.jpg,,,
2019-06-01_13-43-13_UTC.jpg,-24.31667,-46.18333,Laje de Santos
2020-03-12_22-51-29_UTC.jpg,-24.31667,-46.18333,Laje de Santos
2018-08-24_16-07-12_UTC.jpg,,,
2019-04-16_22-59-57_UTC.jpg,,,
2018-08-08_21-14-26_UTC.jpg,-3.8396,-32.4107,fernando de noronha
2019-10-01_22-32-22_UTC_3.jpg 2019-10-01_22-32-22_UTC_4.jpg 2019-10-01_22-32-22_UTC_2.jpg 2019-10-01_22-32-22_UTC_1.jpg,,,abrolhos
2020-04-11_19-27-56_UTC.jpg,-28.4498,-52.1986,maraú
2020-05-05_20-11-35_UTC.jpg,-9.08746,-35.2634,japaratinga
2020-03-16_20-08-53_UTC.jpg,-5.79068,-35.3257,são gonçalo do amarante
2019-06-10_13-13-31_UTC.jpg,-24.31667,-46.18333,Laje de Santos
2019-03-14_22-52-32_UTC_2.jpg 2019-03-14_22-52-32_UTC_1.jpg,,,
2018-11-20_23-24-28_UTC.jpg,,,
2020-01-26_20-19-41_UTC.jpg,-8.9295672959,-35.1661729188,"Praia De Peroba, Maragogi, Alagoas"
2019-10-03_13-16-58_UTC.jpg,-24.31667,-46.18333,Laje de Santos
2020-01-26_05-50-54_UTC.jpg,-24.31667,-46.18333,Laje de Santos
2019-04-02_23-44-38_UTC.jpg,,,
2020-03-03_23-10-39_UTC.jpg,,,
2018-08-31_00-05-26_UTC.jpg,,,
2019-04-24_03-25-11_UTC.jpg,-16.4038992286,-39.0451502037,Parque marinho Recife de Fora
2019-10-29_23-08-49_UTC_1.jpg 2019-10-29_23-08-49_UTC_2.jpg,,,
2020-01-15_09-04-12_UTC.jpg,-8.75665,-35.1033,tamandaré
2018-05-15_08-35-07_UTC.jpg,,,
2019-10-24_22-53-11_UTC.jpg,,,
2019-11-30_12-02-26_UTC.jpg,-7.0763381,-34.8304877,Caribessa
2018-10-19_19-14-11_UTC.jpg,,,maracajau
2018-07-12_18-36-01_UTC.jpg,,,
2019-11-19_23-30-47_UTC_2.jpg 2019-11-19_23-30-47_UTC_1.jpg 2019-11-19_23-30-47_UTC_3.jpg,,,
2020-03-01_14-05-25_UTC_1.jpg 2020-03-01_14-05-25_UTC_2.jpg 2020-03-01_14-05-25_UTC_4.jpg 2020-03-01_14-05-25_UTC_5.jpg 2020-03-01_14-05-25_UTC_3.jpg,-9.6654026223,-35.7106739359,Piscinas Naturais De Pajuçara
2019-06-27_15-05-47_UTC.jpg,,,porto de galinhas 
2019-05-21_22-57-44_UTC_1.jpg 2019-05-21_22-57-44_UTC_3.jpg 2019-05-21_22-57-44_UTC_2.jpg,,,
2018-09-03_15-08-57_UTC.jpg,,,
2019-11-19_08-53-52_UTC.jpg,-5.6942240826,-35.2039718628,Genipabu Beach
2018-09-03_15-29-33_UTC.jpg,,,
2019-11-02_02-27-00_UTC.jpg,,,abrolhos
2019-12-27_15-12-46_UTC_2.jpg 2019-12-27_15-12-46_UTC_3.jpg 2019-12-27_15-12-46_UTC_1.jpg,,,
2019-04-25_02-55-01_UTC.jpg,,,
2019-05-10_14-37-16_UTC.jpg,-9.46442,-35.55228,"Paripueira, Alagoas, Brazil"
2019-10-24_13-09-43_UTC.jpg,-8.24252,-34.9367,Praia do Paiva
2019-04-20_19-14-54_UTC.jpg,-5.8008,-35.2095,"Natal, Rio Grande do Norte"
2019-01-15_23-42-00_UTC.jpg,-3.8396,-32.4107,fernando de noronha
2020-05-04_14-59-06_UTC_1.jpg 2020-05-04_14-59-06_UTC_2.jpg,-9.08746,-35.2634,japaratinga
2019-11-07_20-20-09_UTC_2.jpg 2019-11-07_20-20-09_UTC_1.jpg,,,
2017-11-19_18-46-53_UTC.jpg,-20.6542230072,-40.4737369424,Parque Natural Municipal Morro da Pescaria
2018-08-21_20-48-19_UTC_2.jpg 2018-08-21_20-48-19_UTC_1.jpg,,,
2019-04-11_13-13-49_UTC.jpg,-16.4038992286,-39.0451502037,Parque marinho Recife de Fora
2019-03-21_10-32-57_UTC.jpg,-7.1150899999999995,-34.8641,joão pessoa
2020-02-28_02-12-26_UTC_5.jpg 2020-02-28_02-12-26_UTC_3.jpg 2020-02-28_02-12-26_UTC_1.jpg 2020-02-28_02-12-26_UTC_6.jpg 2020-02-28_02-12-26_UTC_4.jpg 2020-02-28_02-12-26_UTC_7.jpg 2020-02-28_02-12-26_UTC_2.jpg,-7.94,-34.8804,Paulista
2018-07-16_01-47-00_UTC.jpg,,,abrolhos
2019-02-19_23-06-38_UTC.jpg,,,
2019-12-05_23-17-22_UTC.jpg,,,
2018-08-06_23-57-02_UTC_1.jpg 2018-08-06_23-57-02_UTC_2.jpg,-5.2765,-35.3794,rio do fogo
2019-04-08_13-09-23_UTC.jpg,-9.46442,-35.55228,"Paripueira, Alagoas, Brazil"
2019-02-12_23-33-59_UTC.jpg,,,
2019-11-28_22-50-17_UTC_2.jpg 2019-11-28_22-50-17_UTC_1.jpg,,,
2020-03-30_20-45-08_UTC.jpg,-24.31667,-46.18333,Laje de Santos
2019-02-01_18-14-58_UTC.jpg,-24.08333,-45.7,Arquipélago de Alcatrazes
2018-07-11_18-02-00_UTC.jpg,,,
2019-04-18_00-14-31_UTC.jpg,-7.0763381,-34.8304877,Caribessa
2019-05-09_11-32-24_UTC.jpg,-8.7630169081,-35.1042623818,ICMBio Costa dos Corais
2020-05-15_09-34-45_UTC.jpg,-9.08746,-35.2634,japaratinga
2019-06-20_07-42-31_UTC.jpg,-9.08746,-35.2634,japaratinga
2019-04-17_10-36-30_UTC.jpg,-9.08746,-35.2634,japaratinga
2019-09-26_17-32-37_UTC.jpg,,,
2019-09-26_22-44-10_UTC_1.jpg 2019-09-26_22-44-10_UTC_2.jpg,,,
2019-01-21_23-49-00_UTC.jpg,-23.8441985294,-45.4045134443,Praia Do Portinho - Ilha Bella
2019-11-14_23-56-41_UTC.jpg,,,
2020-06-02_18-17-18_UTC.jpg,,,
2019-05-13_12-51-37_UTC.jpg,,,
2019-10-31_00-57-04_UTC.jpg,,,
2019-10-02_10-57-42_UTC.jpg,,,
2018-09-26_00-03-36_UTC.jpg,,,
2019-03-26_01-23-24_UTC.jpg,,,abrolhos
2019-05-29_14-03-01_UTC.jpg,,,
2019-08-21_23-42-51_UTC.jpg,-17.7374027598,-39.2633022824,Arquipélago dos Abrolhos
2020-03-06_12-49-53_UTC.jpg,-9.08746,-35.2634,japaratinga
2020-01-09_22-32-23_UTC_1.jpg 2020-01-09_22-32-23_UTC_2.jpg 2020-01-09_22-32-23_UTC_3.jpg,,,
2020-01-27_12-27-51_UTC.jpg,-8.0639,-34.87317,Projeto Conservação Recifal (PCR)
2019-11-09_11-37-21_UTC_2.jpg 2019-11-09_11-37-21_UTC_1.jpg,,,
2018-10-16_23-34-36_UTC.jpg,,,
2018-11-10_14-13-54_UTC.jpg,,,
2020-04-14_17-33-12_UTC.jpg,-24.31667,-46.18333,Laje de Santos
2015-09-30_17-03-17_UTC.jpg,,,abrolhos
2020-03-12_22-32-51_UTC_4.jpg 2020-03-12_22-32-51_UTC_2.jpg 2020-03-12_22-32-51_UTC_3.jpg 2020-03-12_22-32-51_UTC_1.jpg,,,
2019-05-14_22-58-11_UTC.jpg,,,
2020-01-21_23-16-51_UTC_4.jpg 2020-01-21_23-16-51_UTC_2.jpg 2020-01-21_23-16-51_UTC_3.jpg 2020-01-21_23-16-51_UTC_1.jpg,,,
2019-03-12_15-26-41_UTC.jpg,-12.8,-38.63333333,Baía de Todos-os-Santos
2019-04-12_23-06-44_UTC_2.jpg 2019-04-12_23-06-44_UTC_3.jpg 2019-04-12_23-06-44_UTC_1.jpg,,,abrolhos
2018-07-12_18-20-56_UTC.jpg,,,
2018-10-09_23-23-07_UTC.jpg,,,
2019-10-30_19-53-48_UTC.jpg,-12.9978438518,-38.5070317923,Instituto de Geociências - UFBA
2020-05-25_18-29-29_UTC.jpg,,,
2020-01-02_22-53-22_UTC.jpg,,,
2020-04-10_02-08-43_UTC.jpg,-12.968737,-38.419704,Orla de Salvador
2019-11-28_18-24-12_UTC.jpg,-7.0763381,-34.8304877,Caribessa
2020-05-19_22-40-11_UTC_3.jpg 2020-05-19_22-40-11_UTC_1.jpg 2020-05-19_22-40-11_UTC_2.jpg,,,
2019-04-05_11-54-27_UTC.jpg,-24.31667,-46.18333,Laje de Santos
2019-08-27_23-27-02_UTC.jpg,,,
2018-07-04_23-05-46_UTC.jpg,,,
2018-09-25_12-51-17_UTC_2.jpg 2018-09-25_12-51-17_UTC_1.jpg,,,
2020-01-12_23-27-42_UTC.jpg,-8.75665,-35.1033,tamandaré
2019-04-25_00-15-00_UTC.jpg,,,
2019-05-30_23-26-47_UTC.jpg,,,
2019-02-04_12-38-36_UTC.jpg,-8.7630169081,-35.1042623818,ICMBio Costa dos Corais
2020-01-20_12-21-14_UTC.jpg,-8.89788,-35.14476,"São José Da Coroa Grande, Pernambuco, Brazil"
2019-02-13_13-09-30_UTC.jpg,,,
2019-01-20_12-12-05_UTC.jpg,,,
2017-05-18_23-03-50_UTC.jpg,,,abrolhos
2019-11-08_22-58-36_UTC.jpg,-24.31667,-46.18333,Laje de Santos
2018-07-04_00-31-21_UTC_1.jpg 2018-07-04_00-31-21_UTC_3.jpg 2018-07-04_00-31-21_UTC_2.jpg,,,
2019-03-19_23-43-57_UTC.jpg,,,
2014-12-03_13-56-07_UTC.jpg,-7.1150899999999995,-34.8641,joão pessoa
2018-12-27_13-50-09_UTC.jpg,,,
2019-05-01_01-27-46_UTC.jpg,,,
2019-03-07_14-23-29_UTC.jpg,-9.665173,-35.735767,Costa dos Corais
2020-02-25_22-44-41_UTC.jpg,,,
2019-10-31_01-53-01_UTC.jpg,,,
2020-02-06_23-00-00_UTC_4.jpg 2020-02-06_23-00-00_UTC_3.jpg 2020-02-06_23-00-00_UTC_2.jpg 2020-02-06_23-00-00_UTC_1.jpg,,,
2017-01-16_23-22-00_UTC.jpg,-8.75665,-35.1033,tamandaré
2019-04-10_00-10-07_UTC.jpg,,,
2019-11-13_00-02-33_UTC.jpg,-5.2765,-35.3794,rio do fogo
2019-02-07_22-34-22_UTC_2.jpg 2019-02-07_22-34-22_UTC_1.jpg,,,
2019-07-25_11-07-22_UTC.jpg,-22.9129,-43.2003,rio de janeiro
2020-04-02_16-59-30_UTC.jpg,-22.76914,-41.78942,Ilha da Âncora
2019-09-24_22-30-16_UTC.jpg,,,
2019-02-20_22-22-27_UTC_1.jpg 2019-02-20_22-22-27_UTC_4.jpg 2019-02-20_22-22-27_UTC_5.jpg 2019-02-20_22-22-27_UTC_3.jpg 2019-02-20_22-22-27_UTC_2.jpg,-8.89788,-35.14476,"São José Da Coroa Grande, Pernambuco, Brazil"
2019-03-28_12-12-49_UTC.jpg,-7.0763381,-34.8304877,Caribessa
2020-02-17_05-00-53_UTC.jpg,-24.31667,-46.18333,Laje de Santos
2020-04-22_13-57-58_UTC_1.jpg 2020-04-22_13-57-58_UTC_2.jpg,-9.249575,-35.352971,Apa Costa Dos Corais
2018-09-14_15-42-52_UTC.jpg,,,
2018-04-02_00-38-02_UTC.jpg,-22.9774,-42.0267,arraial do cabo
2019-06-06_23-25-18_UTC_2.jpg 2019-06-06_23-25-18_UTC_1.jpg,,,
2019-05-02_22-31-39_UTC_4.jpg 2019-05-02_22-31-39_UTC_1.jpg 2019-05-02_22-31-39_UTC_2.jpg 2019-05-02_22-31-39_UTC_3.jpg,-5.27472,-35.38253,Rio do Fogo
2020-01-11_23-35-31_UTC.jpg,-7.0763381,-34.8304877,Caribessa
2019-09-10_21-37-31_UTC.jpg,,,
2020-01-12_13-40-07_UTC.jpg,-8.1219121,-34.8964983,Mapa Do Brasil -  Porto De Galinhas
2019-04-12_09-52-29_UTC_2.jpg 2019-04-12_09-52-29_UTC_3.jpg 2019-04-12_09-52-29_UTC_1.jpg,33.7761152706,-84.3988502026,Georgia Tech
2020-05-25_16-15-31_UTC.jpg,-7.9105209734,-34.8315912642,"Pau Amarelo, Pernambuco"
2019-06-21_14-25-40_UTC.jpg,-9.08746,-35.2634,japaratinga
2019-08-31_22-23-55_UTC.jpg,-5.2717347064,-35.3831888366,Parrachos Rio do Fogo
2019-11-15_20-17-54_UTC_2.jpg 2019-11-15_20-17-54_UTC_1.jpg 2019-11-15_20-17-54_UTC_3.jpg,,,
2019-10-31_13-14-57_UTC.jpg,-24.31667,-46.18333,Laje de Santos
2018-12-29_12-33-12_UTC.jpg,,,bahia de todos os santos
2019-06-25_22-21-20_UTC_1.jpg 2019-06-25_22-21-20_UTC_2.jpg,,,atol das rocas
2020-02-11_20-35-33_UTC.jpg,-8.9330611525,-35.1667035031,"Maragogi, Alagoas"
2019-07-02_18-55-10_UTC.jpg,,,
2018-12-08_22-53-50_UTC.jpg,-10.35,-36.2833,"Pontal Do Peba, Alagoas, Brazil"
2019-03-03_18-08-09_UTC.jpg,,,
2020-04-24_11-09-46_UTC.jpg,-8.0639,-34.87317,Projeto Conservação Recifal (PCR)
2018-12-01_14-03-50_UTC.jpg,,,
2018-12-17_00-40-08_UTC.jpg,-17.9369,-38.9465,Parque Nacional Marinho dos Abrolhos
2019-12-19_22-17-33_UTC.jpg,,,
2019-11-06_16-37-22_UTC_3.jpg 2019-11-06_16-37-22_UTC_1.jpg 2019-11-06_16-37-22_UTC_2.jpg,,,
2019-06-13_19-49-09_UTC.jpg,,,
2020-05-05_11-02-56_UTC_1.jpg 2020-05-05_11-02-56_UTC_2.jpg,-9.08746,-35.2634,japaratinga
2019-06-05_18-47-29_UTC.jpg,,,maracajau
2018-09-05_17-29-19_UTC.jpg,-7.1150899999999995,-34.8641,joão pessoa
2020-02-03_15-30-26_UTC_2.jpg 2020-02-03_15-30-26_UTC_1.jpg 2020-02-03_15-30-26_UTC_3.jpg,,,
2019-04-01_22-44-30_UTC.jpg,-22.9756162354,-42.0296385884,Praia Grande - Arraial do Cabo
2016-01-04_19-51-45_UTC.jpg,,,maracajau
2019-06-28_16-50-53_UTC.jpg,-8.89788,-35.14476,"São José Da Coroa Grande, Pernambuco, Brazil"
2018-12-04_15-02-36_UTC.jpg,,,
2019-02-01_08-04-58_UTC.jpg,-23.622171,-46.411453,Parque Estadual Marinho da Laje de Santos
2019-02-26_23-25-50_UTC.jpg,,,
2019-07-20_00-34-42_UTC.jpg,-8.5049314736,-35.0029563904,Porto de Galinhas
2014-10-08_10-53-25_UTC.jpg,-7.1150899999999995,-34.8641,joão pessoa
2018-06-12_01-44-29_UTC.jpg,-22.76914,-41.78942,Ilha da Âncora
2018-08-23_16-16-54_UTC.jpg,,,
2020-01-12_23-53-32_UTC.jpg,,,
2019-01-29_14-36-13_UTC.jpg,-9.0302998085,-35.2301824573,Maragogi
2019-02-22_19-25-09_UTC.jpg,-8.9851338296,-35.1918762073,Pousada Sol e Mar
2019-05-03_17-34-59_UTC_2.jpg 2019-05-03_17-34-59_UTC_1.jpg,-5.83977,-35.2012,Federal University of Rio Grande do Norte
2020-04-20_22-25-44_UTC_2.jpg 2020-04-20_22-25-44_UTC_3.jpg 2020-04-20_22-25-44_UTC_1.jpg,-8.046660000000001,-34.8771,recife
2020-02-04_22-15-33_UTC_1.jpg 2020-02-04_22-15-33_UTC_2.jpg 2020-02-04_22-15-33_UTC_3.jpg 2020-02-04_22-15-33_UTC_4.jpg,,,
2018-10-18_18-35-27_UTC.jpg,-3.8396,-32.4107,fernando de noronha
2020-05-28_15-06-41_UTC.jpg,,,
2019-11-26_23-18-53_UTC.jpg,,,
2019-03-05_19-49-49_UTC_7.jpg 2019-03-05_19-49-49_UTC_9.jpg 2019-03-05_19-49-49_UTC_6.jpg 2019-03-05_19-49-49_UTC_5.jpg 2019-03-05_19-49-49_UTC_3.jpg 2019-03-05_19-49-49_UTC_2.jpg 2019-03-05_19-49-49_UTC_8.jpg 2019-03-05_19-49-49_UTC_4.jpg 2019-03-05_19-49-49_UTC_1.jpg,-9.15981,-35.29598,"Pôrto De Pedras, Alagoas, Brazil"
2020-02-14_19-37-40_UTC.jpg,-24.31667,-46.18333,Laje de Santos
2019-09-17_01-37-23_UTC.jpg,,,
2020-05-07_10-33-34_UTC.jpg,-9.0112156254,-35.2199045523,Praia São Miguel dos Milagres
2020-04-29_09-39-49_UTC.jpg,,,
2019-03-26_21-52-34_UTC.jpg,-9.46442,-35.55228,"Paripueira, Alagoas, Brazil"
2019-05-22_11-50-00_UTC.jpg,-9.46442,-35.55228,"Paripueira, Alagoas, Brazil"
2019-01-21_14-29-09_UTC_6.jpg 2019-01-21_14-29-09_UTC_5.jpg 2019-01-21_14-29-09_UTC_3.jpg 2019-01-21_14-29-09_UTC_7.jpg 2019-01-21_14-29-09_UTC_1.jpg 2019-01-21_14-29-09_UTC_4.jpg 2019-01-21_14-29-09_UTC_2.jpg,-3.8396,-32.4107,fernando de noronha
2020-01-23_22-46-40_UTC.jpg,,,
2018-12-20_22-32-42_UTC.jpg,,,abrolhos
2020-04-21_22-33-12_UTC.jpg,,,
2020-04-23_23-15-14_UTC_3.jpg 2020-04-23_23-15-14_UTC_1.jpg 2020-04-23_23-15-14_UTC_2.jpg,,,
2019-01-29_19-44-52_UTC.jpg,-9.15981,-35.29598,"Pôrto De Pedras, Alagoas, Brazil"
2019-08-24_09-06-40_UTC.jpg,-28.4498,-52.1986,maraú
2019-02-23_12-17-38_UTC_3.jpg 2019-02-23_12-17-38_UTC_1.jpg 2019-02-23_12-17-38_UTC_2.jpg,-8.1092681844,-34.9243421136,Praia de Antunes - Maragogi /AL
2019-01-10_18-45-43_UTC.jpg,,,
2019-04-11_09-42-31_UTC_6.jpg 2019-04-11_09-42-31_UTC_2.jpg 2019-04-11_09-42-31_UTC_4.jpg 2019-04-11_09-42-31_UTC_3.jpg 2019-04-11_09-42-31_UTC_1.jpg 2019-04-11_09-42-31_UTC_5.jpg,-8.5049314736,-35.0029563904,Porto de Galinhas
2019-10-26_12-26-19_UTC.jpg,-8.2900744641,-35.0381478279,Praia Do Paiva
2018-10-24_10-57-58_UTC.jpg,-9.08746,-35.2634,japaratinga
2020-04-14_14-44-01_UTC.jpg,-13.9211424932,-38.9311404989,Taipu De Fora - Barra Grande
2020-05-26_20-24-22_UTC_1.jpg 2020-05-26_20-24-22_UTC_5.jpg 2020-05-26_20-24-22_UTC_4.jpg 2020-05-26_20-24-22_UTC_7.jpg 2020-05-26_20-24-22_UTC_8.jpg 2020-05-26_20-24-22_UTC_2.jpg 2020-05-26_20-24-22_UTC_3.jpg 2020-05-26_20-24-22_UTC_6.jpg,-5.729155,-35.202255,Praia de Santa Rita
2020-01-15_11-41-35_UTC.jpg,-5.2717347064,-35.3831888366,Parrachos Rio do Fogo
2018-12-31_23-23-23_UTC.jpg,,,
2019-12-20_14-22-53_UTC.jpg,-9.086493,-35.2546718,"São Miguel Dos Milagres - Praia Do Patacho, Praia Do Toque, Pontal Da Rua"
2020-01-15_16-14-45_UTC.jpg,-23.622171,-46.411453,Parque Estadual Marinho da Laje de Santos
2020-04-04_14-41-59_UTC.jpg,-24.31667,-46.18333,Laje de Santos
2020-02-01_23-37-54_UTC.jpg,-9.014301234,-35.222041477,Maragogi - Alagoas - Caribe Brasileiro
2019-03-01_03-18-39_UTC.jpg,,,
2019-06-08_14-14-17_UTC.jpg,,,
2020-01-12_23-36-15_UTC.jpg,-8.75665,-35.1033,tamandaré
2019-05-09_22-28-58_UTC.jpg,,,
2020-05-10_23-33-37_UTC.jpg,-24.31667,-46.18333,Laje de Santos
2020-01-02_15-40-29_UTC_1.jpg 2020-01-02_15-40-29_UTC_2.jpg,-8.9330611525,-35.1667035031,"Maragogi, Alagoas"
2020-05-26_22-01-07_UTC.jpg,,,
2020-01-23_00-12-01_UTC.jpg,-9.014301234,-35.222041477,Maragogi - Alagoas - Caribe Brasileiro
2019-12-04_01-16-24_UTC_2.jpg 2019-12-04_01-16-24_UTC_3.jpg 2019-12-04_01-16-24_UTC_4.jpg 2019-12-04_01-16-24_UTC_1.jpg,-20.6346638702,-40.4376049658,Praia de Setiba - Guarapari / ES
2019-06-22_22-08-11_UTC_2.jpg 2019-06-22_22-08-11_UTC_1.jpg,-3.8396,-32.4107,fernando de noronha
2019-02-17_12-46-33_UTC.jpg,,,abrolhos
2019-03-27_01-42-59_UTC.jpg,,,
2020-04-21_16-17-17_UTC.jpg,-9.014301234,-35.222041477,Maragogi - Alagoas - Caribe Brasileiro
2020-01-04_17-59-12_UTC.jpg,-24.31667,-46.18333,Laje de Santos
2019-12-02_13-10-42_UTC.jpg,-7.0763381,-34.8304877,Caribessa
2019-07-25_22-56-48_UTC_2.jpg 2019-07-25_22-56-48_UTC_1.jpg,,,
2020-05-12_22-41-05_UTC_5.jpg 2020-05-12_22-41-05_UTC_3.jpg 2020-05-12_22-41-05_UTC_2.jpg 2020-05-12_22-41-05_UTC_4.jpg 2020-05-12_22-41-05_UTC_1.jpg 2020-05-12_22-41-05_UTC_6.jpg,,,
2019-07-16_17-13-36_UTC.jpg,-10.2831596609,-36.5624971674,"Penedo, Brazil"
2020-02-27_11-49-49_UTC.jpg,-9.0302998085,-35.2301824573,Maragogi
2019-02-15_12-59-18_UTC.jpg,-8.74989,-35.09696,"Tamandaré, Pernambuco, Brazil"
2020-04-10_16-11-24_UTC.jpg,-9.665989999999999,-35.735,maceió
2019-05-25_13-14-31_UTC.jpg,-16.3881311,-39.0358271,recife de fora _ Espetaculo Da Natureza
2020-05-26_14-10-47_UTC_1.jpg 2020-05-26_14-10-47_UTC_2.jpg,-8.046660000000001,-34.8771,recife
2018-10-04_23-48-24_UTC_7.jpg 2018-10-04_23-48-24_UTC_8.jpg 2018-10-04_23-48-24_UTC_5.jpg 2018-10-04_23-48-24_UTC_2.jpg 2018-10-04_23-48-24_UTC_4.jpg 2018-10-04_23-48-24_UTC_1.jpg 2018-10-04_23-48-24_UTC_6.jpg 2018-10-04_23-48-24_UTC_9.jpg 2018-10-04_23-48-24_UTC_3.jpg 2018-10-04_23-48-24_UTC_10.jpg,-3.8396,-32.4107,fernando de noronha
2019-12-05_13-28-05_UTC.jpg,-7.0763381,-34.8304877,Caribessa
2018-06-05_23-25-45_UTC.jpg,,,
2019-11-14_22-24-25_UTC_2.jpg 2019-11-14_22-24-25_UTC_3.jpg 2019-11-14_22-24-25_UTC_1.jpg,,,
2019-03-26_23-44-40_UTC_1.jpg 2019-03-26_23-44-40_UTC_2.jpg,,,
2019-01-22_12-04-36_UTC.jpg,-23.622171,-46.411453,Parque Estadual Marinho da Laje de Santos
2020-04-06_22-56-27_UTC.jpg,-9.08746,-35.2634,japaratinga
2019-05-08_00-39-30_UTC.jpg,,,
2018-07-12_23-18-37_UTC_1.jpg 2018-07-12_23-18-37_UTC_2.jpg,,,
2020-03-14_17-57-57_UTC_1.jpg 2020-03-14_17-57-57_UTC_8.jpg 2020-03-14_17-57-57_UTC_5.jpg 2020-03-14_17-57-57_UTC_9.jpg 2020-03-14_17-57-57_UTC_6.jpg 2020-03-14_17-57-57_UTC_4.jpg 2020-03-14_17-57-57_UTC_10.jpg 2020-03-14_17-57-57_UTC_7.jpg 2020-03-14_17-57-57_UTC_2.jpg 2020-03-14_17-57-57_UTC_3.jpg,,,abrolhos
2018-07-11_20-21-00_UTC.jpg,,,
2018-12-28_00-53-10_UTC.jpg,,,
2019-01-31_01-19-51_UTC.jpg,-7.0763381,-34.8304877,Caribessa
2020-05-26_18-55-22_UTC_1.jpg 2020-05-26_18-55-22_UTC_2.jpg 2020-05-26_18-55-22_UTC_3.jpg,,,
2020-05-14_15-43-32_UTC.jpg,,,
2019-04-06_11-12-04_UTC.jpg,-16.4038992286,-39.0451502037,Parque marinho Recife de Fora
2019-04-03_09-45-11_UTC_1.jpg 2019-04-03_09-45-11_UTC_4.jpg 2019-04-03_09-45-11_UTC_3.jpg 2019-04-03_09-45-11_UTC_2.jpg,,,
2020-02-02_01-58-21_UTC.jpg,-3.5436743065,-38.8522444891,"Pecém, Ceara, Brazil"
2019-07-04_23-00-41_UTC.jpg,,,
2019-02-11_11-51-57_UTC.jpg,,,
2018-12-22_10-51-51_UTC.jpg,-7.1150899999999995,-34.8641,joão pessoa
2019-07-01_12-40-05_UTC.jpg,-9.57,-36.55,Alagoas
2020-03-11_18-04-15_UTC_1.jpg 2020-03-11_18-04-15_UTC_3.jpg 2020-03-11_18-04-15_UTC_2.jpg,,,
2019-12-23_12-48-56_UTC.jpg,-9.26518,-35.3723,São Miguel dos Milagres
2019-08-20_23-12-52_UTC.jpg,,,
2020-03-05_22-33-19_UTC_2.jpg 2020-03-05_22-33-19_UTC_3.jpg 2020-03-05_22-33-19_UTC_1.jpg,,,
2019-05-29_18-46-38_UTC.jpg,,,
2018-07-10_22-13-25_UTC.jpg,,,
2019-03-30_00-56-10_UTC.jpg,-7.0763381,-34.8304877,Caribessa
2020-04-21_19-49-41_UTC_2.jpg 2020-04-21_19-49-41_UTC_1.jpg,,,
2019-02-04_12-39-02_UTC.jpg,-8.7630169081,-35.1042623818,ICMBio Costa dos Corais
2019-10-30_12-31-57_UTC.jpg,,,
2020-01-14_22-48-10_UTC_4.jpg 2020-01-14_22-48-10_UTC_2.jpg 2020-01-14_22-48-10_UTC_3.jpg 2020-01-14_22-48-10_UTC_1.jpg,-8.89788,-35.14476,"São José Da Coroa Grande, Pernambuco, Brazil"
2019-01-28_00-49-57_UTC.jpg,-8.679146437,115.4421439897,Nusa Lembongan
2018-08-09_23-38-12_UTC_3.jpg 2018-08-09_23-38-12_UTC_2.jpg 2018-08-09_23-38-12_UTC_1.jpg,,,
2019-11-28_23-10-21_UTC.jpg,-7.0763381,-34.8304877,Caribessa
2020-04-12_17-56-07_UTC.jpg,-24.31667,-46.18333,Laje de Santos
2019-11-17_23-54-39_UTC.jpg,-3.8396,-32.4107,fernando de noronha
2018-06-01_01-03-00_UTC.jpg,,,
2020-01-17_12-38-15_UTC.jpg,-8.89788,-35.14476,"São José Da Coroa Grande, Pernambuco, Brazil"
2020-03-13_02-35-07_UTC.jpg,,,
2020-04-20_02-54-30_UTC.jpg,,,
2019-06-18_12-38-38_UTC.jpg,-16.4038992286,-39.0451502037,Parque marinho Recife de Fora
2019-09-03_22-46-09_UTC_8.jpg 2019-09-03_22-46-09_UTC_7.jpg 2019-09-03_22-46-09_UTC_5.jpg 2019-09-03_22-46-09_UTC_6.jpg 2019-09-03_22-46-09_UTC_4.jpg 2019-09-03_22-46-09_UTC_2.jpg 2019-09-03_22-46-09_UTC_1.jpg 2019-09-03_22-46-09_UTC_9.jpg 2019-09-03_22-46-09_UTC_10.jpg 2019-09-03_22-46-09_UTC_3.jpg,,,
2020-02-04_12-00-41_UTC.jpg,-23.1485679545,-44.2330169678,Ilha Grande - Rio de Janeiro
2019-02-25_12-44-30_UTC.jpg,-20.6585,-40.496,"Guarapary, Espirito Santo, Brazil"
2018-07-06_00-33-49_UTC.jpg,,,
2019-10-19_11-20-03_UTC.jpg,-8.504167,-35.001111,Porto de Galinhas
2019-04-04_22-57-05_UTC.jpg,,,
2018-12-23_18-30-39_UTC.jpg,-7.1150899999999995,-34.8641,joão pessoa
2019-07-04_17-24-47_UTC.jpg,-8.5049314736,-35.0029563904,Porto de Galinhas
2019-10-02_20-02-05_UTC.jpg,,,
2019-02-12_13-25-25_UTC_1.jpg 2019-02-12_13-25-25_UTC_2.jpg,,,porto de galinhas 
2020-05-26_22-19-17_UTC_3.jpg 2020-05-26_22-19-17_UTC_1.jpg 2020-05-26_22-19-17_UTC_2.jpg,,,
2019-08-22_22-38-27_UTC.jpg,-28.4498,-52.1986,maraú
2020-04-07_21-06-28_UTC.jpg,,,
2020-05-20_09-13-09_UTC.jpg,-8.0639,-34.87317,Projeto Conservação Recifal (PCR)
2019-03-30_10-46-11_UTC.jpg,,,
2020-03-31_14-22-21_UTC.jpg,-24.31667,-46.18333,Laje de Santos
2019-10-30_18-28-00_UTC.jpg,,,
2019-11-08_10-35-48_UTC_2.jpg 2019-11-08_10-35-48_UTC_3.jpg 2019-11-08_10-35-48_UTC_1.jpg,,,
2019-04-10_10-37-57_UTC.jpg,-24.31667,-46.18333,Laje de Santos
2020-05-27_12-20-02_UTC.jpg,,,
2019-11-03_02-43-09_UTC.jpg,,,
2018-09-13_22-56-22_UTC_1.jpg 2018-09-13_22-56-22_UTC_2.jpg,,,
2020-03-03_23-55-34_UTC.jpg,,,porto de galinhas 
2019-06-18_22-15-52_UTC.jpg,,,
2019-10-19_02-22-02_UTC.jpg,-8.504167,-35.001111,Porto de Galinhas
2020-03-11_23-34-25_UTC_1.jpg 2020-03-11_23-34-25_UTC_2.jpg,,,porto de galinhas 
2019-10-19_18-11-25_UTC.jpg,-8.504167,-35.001111,Porto de Galinhas
2019-08-30_00-06-45_UTC_1.jpg 2019-08-30_00-06-45_UTC_2.jpg,,,
2019-09-21_05-13-34_UTC.jpg,-16.4038992286,-39.0451502037,Parque marinho Recife de Fora
2019-12-21_13-14-42_UTC_1.jpg 2019-12-21_13-14-42_UTC_5.jpg 2019-12-21_13-14-42_UTC_3.jpg 2019-12-21_13-14-42_UTC_2.jpg 2019-12-21_13-14-42_UTC_4.jpg,-9.6684786297,-35.7148920776,Pajuçara
2019-05-23_22-58-25_UTC.jpg,,,
2016-09-20_20-47-21_UTC.jpg,-9.007439999999999,-35.2267,maragogi
2020-01-17_23-33-10_UTC.jpg,-5.2717347064,-35.3831888366,Parrachos Rio do Fogo
2020-04-09_00-00-01_UTC.jpg,-30.0234525002,-51.128476489,Em Casa
2019-04-20_10-54-34_UTC_1.jpg 2019-04-20_10-54-34_UTC_2.jpg,-23.0011,-44.3196,angra dos reis
2020-05-03_21-50-30_UTC.jpg,-9.014301234,-35.222041477,Maragogi - Alagoas - Caribe Brasileiro
2019-04-11_22-33-21_UTC_2.jpg 2019-04-11_22-33-21_UTC_1.jpg,,,
2019-05-18_14-58-12_UTC.jpg,-9.46442,-35.55228,"Paripueira, Alagoas, Brazil"
2019-03-27_11-39-01_UTC.jpg,-24.31667,-46.18333,Laje de Santos
2019-04-26_02-47-06_UTC.jpg,,,
2019-02-12_20-18-59_UTC_2.jpg 2019-02-12_20-18-59_UTC_1.jpg,,,
2019-07-19_23-19-03_UTC.jpg,-7.1150899999999995,-34.8641,joão pessoa
2018-10-02_22-18-46_UTC.jpg,,,
2019-12-03_23-53-43_UTC_4.jpg 2019-12-03_23-53-43_UTC_9.jpg 2019-12-03_23-53-43_UTC_7.jpg 2019-12-03_23-53-43_UTC_10.jpg 2019-12-03_23-53-43_UTC_6.jpg 2019-12-03_23-53-43_UTC_3.jpg 2019-12-03_23-53-43_UTC_5.jpg 2019-12-03_23-53-43_UTC_8.jpg 2019-12-03_23-53-43_UTC_1.jpg 2019-12-03_23-53-43_UTC_2.jpg,,,abrolhos
2020-05-07_15-00-59_UTC.jpg,,,
2019-06-08_12-20-45_UTC.jpg,,,
2018-10-16_14-36-56_UTC.jpg,-3.8396,-32.4107,fernando de noronha
2019-03-22_10-12-24_UTC.jpg,-7.0763381,-34.8304877,Caribessa
2020-02-20_23-42-22_UTC.jpg,-3.69893,-38.5844499,"Barra Do Ceará, Fortaleza, Ceara, Brasil"
2019-08-08_22-36-22_UTC_2.jpg 2019-08-08_22-36-22_UTC_1.jpg,,,
2020-05-24_21-23-25_UTC_5.jpg 2020-05-24_21-23-25_UTC_1.jpg 2020-05-24_21-23-25_UTC_6.jpg 2020-05-24_21-23-25_UTC_3.jpg 2020-05-24_21-23-25_UTC_2.jpg 2020-05-24_21-23-25_UTC_4.jpg,,,
2018-08-08_00-36-15_UTC.jpg,,,
2018-06-07_22-48-36_UTC.jpg,,,
2020-05-31_17-10-36_UTC_3.jpg 2020-05-31_17-10-36_UTC_4.jpg 2020-05-31_17-10-36_UTC_1.jpg 2020-05-31_17-10-36_UTC_2.jpg,,,
2019-12-04_18-27-25_UTC_8.jpg 2019-12-04_18-27-25_UTC_7.jpg 2019-12-04_18-27-25_UTC_2.jpg 2019-12-04_18-27-25_UTC_4.jpg 2019-12-04_18-27-25_UTC_5.jpg 2019-12-04_18-27-25_UTC_9.jpg 2019-12-04_18-27-25_UTC_6.jpg 2019-12-04_18-27-25_UTC_3.jpg 2019-12-04_18-27-25_UTC_1.jpg,-12.9978438518,-38.5070317923,Instituto de Geociências - UFBA
2018-10-25_23-31-12_UTC.jpg,-3.8396,-32.4107,fernando de noronha
2018-09-19_23-19-28_UTC.jpg,,,
2019-02-05_23-28-47_UTC_1.jpg 2019-02-05_23-28-47_UTC_2.jpg,,,
2020-03-19_23-07-48_UTC.jpg,,,
2019-02-19_19-10-30_UTC_1.jpg 2019-02-19_19-10-30_UTC_3.jpg 2019-02-19_19-10-30_UTC_4.jpg 2019-02-19_19-10-30_UTC_2.jpg,-8.89788,-35.14476,"São José Da Coroa Grande, Pernambuco, Brazil"
2019-12-02_18-12-45_UTC.jpg,-24.31667,-46.18333,Laje de Santos
2018-05-28_21-06-14_UTC.jpg,,,
2019-09-05_22-55-58_UTC.jpg,,,
2020-05-23_13-45-16_UTC.jpg,-23.189432,-47.29256,Em Casa
2019-02-16_11-10-04_UTC.jpg,-21.7803671501,-43.3422705723,"Arquipélago de Abrolhos, Caravelas, Bahia"
2019-03-28_11-45-38_UTC.jpg,-7.0763381,-34.8304877,Caribessa
2019-10-23_14-52-54_UTC.jpg,-7.161,-34.8705,João Pessoa - Paraíba
2019-04-20_13-17-12_UTC.jpg,-8.89788,-35.14476,"São José Da Coroa Grande, Pernambuco, Brazil"
2019-02-18_11-47-32_UTC.jpg,,,
2019-05-16_23-00-52_UTC_2.jpg 2019-05-16_23-00-52_UTC_1.jpg,,,
2019-10-30_10-07-02_UTC.jpg,,,
2019-10-22_17-33-15_UTC.jpg,-24.31667,-46.18333,Laje de Santos
2018-09-18_22-27-53_UTC.jpg,,,
2018-11-06_23-19-43_UTC.jpg,,,
2019-10-17_10-58-14_UTC_4.jpg 2019-10-17_10-58-14_UTC_1.jpg 2019-10-17_10-58-14_UTC_3.jpg 2019-10-17_10-58-14_UTC_2.jpg 2019-10-17_10-58-14_UTC_6.jpg 2019-10-17_10-58-14_UTC_5.jpg,-5.4125015649,-35.3100113021,"Maracajaú, Rio Grande Do Norte, Brazil"
2019-02-19_10-54-28_UTC.jpg,,,bahia de todos os santos
2019-04-18_23-38-45_UTC.jpg,,,
2019-01-29_22-42-22_UTC.jpg,,,
2019-08-13_23-11-38_UTC_3.jpg 2019-08-13_23-11-38_UTC_1.jpg 2019-08-13_23-11-38_UTC_2.jpg,,,
2019-02-06_13-45-48_UTC.jpg,-9.0302998085,-35.2301824573,Maragogi
2018-07-01_20-24-17_UTC.jpg,-5.2765,-35.3794,rio do fogo
2019-02-20_20-26-31_UTC_2.jpg 2019-02-20_20-26-31_UTC_4.jpg 2019-02-20_20-26-31_UTC_3.jpg 2019-02-20_20-26-31_UTC_1.jpg,-9.0427479188,-35.1991051904,Galés de Maragogi
2019-11-10_20-12-02_UTC.jpg,-8.5070215589,-35.0021677676,Porto De Galinhas “piscinas Naturais”
2020-04-17_02-14-31_UTC.jpg,,,
2019-01-08_22-36-14_UTC.jpg,,,
2019-02-21_19-08-58_UTC.jpg,,,
2019-10-16_14-57-56_UTC.jpg,-5.2711272455,-35.3824186909,Restaurante Oceano
2019-10-23_00-13-02_UTC.jpg,-8.4363471666,-34.9818233262,"Praia De Muro Alto, Pernambuco"
2014-02-20_23-43-13_UTC.jpg,-7.1150899999999995,-34.8641,joão pessoa
2019-12-09_11-11-12_UTC.jpg,-9.249575,-35.352971,Apa Costa Dos Corais
2019-05-03_14-21-44_UTC.jpg,,,
2019-02-08_03-58-03_UTC.jpg,-23.622171,-46.411453,Parque Estadual Marinho da Laje de Santos
2019-02-03_15-27-48_UTC.jpg,-6.1843043396,-35.0907930286,Tibau do Sul Beach
2019-07-14_00-39-36_UTC.jpg,-16.4038992286,-39.0451502037,Parque marinho Recife de Fora
2018-07-30_11-08-13_UTC.jpg,,,
2019-06-27_22-17-30_UTC.jpg,,,atol das rocas
2018-07-17_23-42-33_UTC.jpg,,,
2019-10-30_15-35-05_UTC.jpg,,,
2019-12-17_22-36-42_UTC_2.jpg 2019-12-17_22-36-42_UTC_1.jpg,,,
2019-10-19_12-54-31_UTC.jpg,-8.504167,-35.001111,Porto de Galinhas
2019-01-31_23-02-27_UTC.jpg,,,
2020-04-28_22-32-16_UTC_2.jpg 2020-04-28_22-32-16_UTC_6.jpg 2020-04-28_22-32-16_UTC_5.jpg 2020-04-28_22-32-16_UTC_4.jpg 2020-04-28_22-32-16_UTC_1.jpg 2020-04-28_22-32-16_UTC_3.jpg,,,
2019-10-16_15-48-03_UTC_2.jpg 2019-10-16_15-48-03_UTC_1.jpg 2019-10-16_15-48-03_UTC_3.jpg,,,pipa
2019-07-11_22-49-43_UTC_1.jpg 2019-07-11_22-49-43_UTC_2.jpg,,,
2019-04-15_16-17-00_UTC.jpg,-24.31667,-46.18333,Laje de Santos
2018-10-30_22-13-18_UTC_2.jpg 2018-10-30_22-13-18_UTC_3.jpg 2018-10-30_22-13-18_UTC_1.jpg,,,
2020-01-30_09-52-20_UTC.jpg,-8.89788,-35.14476,"São José Da Coroa Grande, Pernambuco, Brazil"
2019-10-17_22-52-36_UTC_2.jpg 2019-10-17_22-52-36_UTC_3.jpg 2019-10-17_22-52-36_UTC_1.jpg,,,
2018-02-02_16-46-02_UTC.jpg,-8.75665,-35.1033,tamandaré
2019-07-01_10-34-32_UTC.jpg,-16.4038992286,-39.0451502037,Parque marinho Recife de Fora
2019-02-20_21-18-05_UTC.jpg,,,bahia de todos os santos
2019-11-27_04-15-15_UTC.jpg,,,
2019-12-21_20-05-02_UTC.jpg,-24.31667,-46.18333,Laje de Santos
2020-04-02_22-37-13_UTC.jpg,,,
2019-07-30_22-31-59_UTC.jpg,,,
2019-11-27_13-27-38_UTC_2.jpg 2019-11-27_13-27-38_UTC_1.jpg,,,
2020-02-18_11-55-06_UTC_9.jpg 2020-02-18_11-55-06_UTC_2.jpg 2020-02-18_11-55-06_UTC_6.jpg 2020-02-18_11-55-06_UTC_10.jpg 2020-02-18_11-55-06_UTC_5.jpg 2020-02-18_11-55-06_UTC_8.jpg 2020-02-18_11-55-06_UTC_3.jpg 2020-02-18_11-55-06_UTC_1.jpg 2020-02-18_11-55-06_UTC_4.jpg 2020-02-18_11-55-06_UTC_7.jpg,-24.0998552421,-45.690742097,Arquipélago dos Alcatrazes
2019-05-27_16-29-10_UTC_2.jpg 2019-05-27_16-29-10_UTC_8.jpg 2019-05-27_16-29-10_UTC_5.jpg 2019-05-27_16-29-10_UTC_10.jpg 2019-05-27_16-29-10_UTC_9.jpg 2019-05-27_16-29-10_UTC_4.jpg 2019-05-27_16-29-10_UTC_1.jpg 2019-05-27_16-29-10_UTC_3.jpg 2019-05-27_16-29-10_UTC_7.jpg 2019-05-27_16-29-10_UTC_6.jpg,-9.6604360993,-35.7029549199,"Ponta Verde, Maceió"
2019-11-12_11-44-22_UTC.jpg,-28.4498,-52.1986,maraú
2019-05-27_12-21-28_UTC.jpg,-9.4023,-35.5101,barra de santo antônio
2018-12-19_11-27-43_UTC.jpg,-23.7785,-45.3552,ilhabela
2020-01-16_22-23-35_UTC_2.jpg 2020-01-16_22-23-35_UTC_3.jpg 2020-01-16_22-23-35_UTC_1.jpg,,,
2020-02-11_17-47-07_UTC.jpg,,,porto de galinhas 
2020-04-16_22-42-54_UTC.jpg,,,
2019-04-24_11-43-29_UTC.jpg,-9.46442,-35.55228,"Paripueira, Alagoas, Brazil"
2018-08-15_09-40-25_UTC.jpg,-5.2765,-35.3794,rio do fogo
2019-12-11_14-46-20_UTC.jpg,,,
2020-04-29_14-01-57_UTC.jpg,-24.31667,-46.18333,Laje de Santos
2019-08-21_01-47-43_UTC_4.jpg 2019-08-21_01-47-43_UTC_9.jpg 2019-08-21_01-47-43_UTC_5.jpg 2019-08-21_01-47-43_UTC_10.jpg 2019-08-21_01-47-43_UTC_6.jpg 2019-08-21_01-47-43_UTC_3.jpg 2019-08-21_01-47-43_UTC_2.jpg 2019-08-21_01-47-43_UTC_8.jpg 2019-08-21_01-47-43_UTC_7.jpg 2019-08-21_01-47-43_UTC_1.jpg,-9.6604360993,-35.7029549199,"Ponta Verde, Maceió"
2019-05-31_23-15-18_UTC.jpg,-16.4763687,-39.0656513,"Arraial D'Ajuda, Bahia"
2019-10-15_22-45-01_UTC.jpg,,,
2019-03-07_22-40-14_UTC_2.jpg 2019-03-07_22-40-14_UTC_1.jpg,,,
2020-01-16_10-40-17_UTC.jpg,-8.89788,-35.14476,"São José Da Coroa Grande, Pernambuco, Brazil"
2019-07-22_21-56-58_UTC.jpg,-22.9774,-42.0267,arraial do cabo
2019-11-19_23-43-51_UTC.jpg,,,
2020-05-08_10-32-57_UTC.jpg,,,
2018-09-27_23-17-16_UTC.jpg,,,
2019-04-15_10-12-11_UTC.jpg,-9.4045,-35.50032,Barra de Santo Antônio
2019-04-07_19-13-10_UTC.jpg,-9.014301234,-35.222041477,Maragogi - Alagoas - Caribe Brasileiro
2020-02-08_20-44-55_UTC.jpg,,,
2020-04-08_12-10-57_UTC.jpg,,,
2018-08-16_19-58-29_UTC.jpg,,,abrolhos
2019-03-01_05-07-23_UTC.jpg,,,
2019-04-29_21-43-22_UTC.jpg,-7.0763381,-34.8304877,Caribessa
2018-08-09_14-34-37_UTC.jpg,,,
2019-04-20_02-03-10_UTC.jpg,-8.5049314736,-35.0029563904,Porto de Galinhas
2019-06-02_13-46-49_UTC.jpg,-3.85,-32.41667,Ilha de Fernando de Noronha
2019-10-23_14-12-02_UTC_1.jpg 2019-10-23_14-12-02_UTC_7.jpg 2019-10-23_14-12-02_UTC_2.jpg 2019-10-23_14-12-02_UTC_4.jpg 2019-10-23_14-12-02_UTC_5.jpg 2019-10-23_14-12-02_UTC_8.jpg 2019-10-23_14-12-02_UTC_6.jpg 2019-10-23_14-12-02_UTC_9.jpg 2019-10-23_14-12-02_UTC_3.jpg,-23.5246991791,-45.1721947053,Oceano Atlântico
2019-06-28_14-45-51_UTC_2.jpg 2019-06-28_14-45-51_UTC_3.jpg 2019-06-28_14-45-51_UTC_1.jpg,-22.7758993,-41.9125077,Hostel Yolo
2019-05-11_10-57-12_UTC.jpg,-16.4038992286,-39.0451502037,Parque marinho Recife de Fora
2019-01-11_02-07-04_UTC.jpg,-17.9369,-38.9465,Parque Nacional Marinho dos Abrolhos
2019-02-25_02-34-13_UTC_1.jpg 2019-02-25_02-34-13_UTC_2.jpg 2019-02-25_02-34-13_UTC_3.jpg,-17.9369,-38.9465,Parque Nacional Marinho dos Abrolhos
2020-03-26_23-30-47_UTC.jpg,,,
2018-08-08_00-05-37_UTC_1.jpg 2018-08-08_00-05-37_UTC_2.jpg,,,
2020-03-10_23-09-53_UTC.jpg,-24.0998552421,-45.690742097,Arquipélago dos Alcatrazes
2017-10-21_22-40-34_UTC.jpg,,,
2019-02-22_01-56-51_UTC.jpg,,,
2020-04-17_19-07-49_UTC_2.jpg 2020-04-17_19-07-49_UTC_1.jpg 2020-04-17_19-07-49_UTC_3.jpg,-12.9781606379,-38.4336735631,Orla De Salvador
2020-04-20_16-43-57_UTC.jpg,,,
2017-01-22_23-02-46_UTC.jpg,,,abrolhos
2018-08-22_00-21-24_UTC_2.jpg 2018-08-22_00-21-24_UTC_1.jpg,,,
2020-05-25_15-42-32_UTC.jpg,,,
2018-09-09_01-06-53_UTC.jpg,,,maracajau
2019-07-02_21-51-49_UTC.jpg,-5.8661941,-35.2304276,Parrachos Rio Do Fogo
2019-05-20_10-49-58_UTC.jpg,-9.57,-36.55,Alagoas
2019-04-23_22-43-43_UTC.jpg,-9.46442,-35.55228,"Paripueira, Alagoas, Brazil"
2019-03-28_19-48-37_UTC_2.jpg 2019-03-28_19-48-37_UTC_1.jpg,-7.0763381,-34.8304877,Caribessa
2018-08-17_00-15-37_UTC_1.jpg 2018-08-17_00-15-37_UTC_2.jpg,,,
2018-12-17_18-12-25_UTC.jpg,-23.7785,-45.3552,ilhabela
2020-03-23_10-25-02_UTC.jpg,-8.0639,-34.87317,Projeto Conservação Recifal (PCR)
2020-02-14_21-56-52_UTC.jpg,-7.0763381,-34.8304877,Caribessa
2019-01-29_16-34-41_UTC.jpg,-9.15981,-35.29598,"Pôrto De Pedras, Alagoas, Brazil"
2019-10-23_18-50-59_UTC.jpg,-13.4904,-39.0465,cairu
2019-02-16_12-41-04_UTC.jpg,-22.927864,-43.678062,Ilha Grande Angra Dos Reis Rj
2020-03-01_22-57-19_UTC_profile_pic.jpg 2020-03-01_22-57-19_UTC.jpg,,,
2019-09-18_15-44-14_UTC_4.jpg 2019-09-18_15-44-14_UTC_7.jpg 2019-09-18_15-44-14_UTC_2.jpg 2019-09-18_15-44-14_UTC_6.jpg 2019-09-18_15-44-14_UTC_5.jpg 2019-09-18_15-44-14_UTC_3.jpg 2019-09-18_15-44-14_UTC_1.jpg,,,
2018-09-11_22-29-20_UTC.jpg,,,
2019-11-02_02-23-52_UTC.jpg,,,
2019-09-03_18-50-18_UTC.jpg,-23.9354,-46.325,"Santos, Sao Paulo, Brazil"
2020-05-28_22-46-41_UTC_2.jpg 2020-05-28_22-46-41_UTC_3.jpg 2020-05-28_22-46-41_UTC_4.jpg 2020-05-28_22-46-41_UTC_1.jpg,,,
2020-03-31_22-31-59_UTC.jpg,,,
2020-04-20_01-51-34_UTC.jpg,,,
2019-02-27_09-56-10_UTC.jpg,-23.622171,-46.411453,Parque Estadual Marinho da Laje de Santos
2019-07-23_18-22-38_UTC.jpg,-24.4833333333,-46.6833333333,Ilha da Queimada Grande
2016-05-12_21-02-48_UTC.jpg,,,maracajau
2019-09-17_00-23-51_UTC.jpg,-9.08746,-35.2634,japaratinga
2020-04-13_16-58-08_UTC.jpg,,,
2018-07-18_00-37-00_UTC.jpg,,,
2019-03-05_22-35-41_UTC.jpg,,,
2019-08-06_12-16-53_UTC.jpg,,,
2016-09-18_14-42-50_UTC.jpg,-9.0017170062,-35.2105271188,Maragogi - Alagoas - Caribe Brasileiro
2020-02-03_01-14-57_UTC.jpg,-16.4038992286,-39.0451502037,Parque marinho Recife de Fora
2019-06-27_11-21-03_UTC.jpg,-9.08746,-35.2634,japaratinga
2019-01-22_10-52-09_UTC.jpg,,,
2019-04-22_12-24-41_UTC.jpg,-9.4045,-35.50032,Barra de Santo Antônio
2020-02-06_20-15-09_UTC.jpg,-23.7951,-45.4143,são sebastião
2019-12-28_19-51-05_UTC_1.jpg 2019-12-28_19-51-05_UTC_4.jpg 2019-12-28_19-51-05_UTC_10.jpg 2019-12-28_19-51-05_UTC_7.jpg 2019-12-28_19-51-05_UTC_3.jpg 2019-12-28_19-51-05_UTC_6.jpg 2019-12-28_19-51-05_UTC_2.jpg 2019-12-28_19-51-05_UTC_5.jpg 2019-12-28_19-51-05_UTC_9.jpg 2019-12-28_19-51-05_UTC_8.jpg,-9.6232,-35.7248,"Maceió, Brazil"
2019-07-16_23-53-25_UTC.jpg,,,
2020-01-07_20-09-59_UTC.jpg,,,
2019-02-19_18-13-40_UTC.jpg,,,abrolhos
2019-07-23_22-50-51_UTC.jpg,,,
2019-06-04_22-47-12_UTC.jpg,,,
2020-02-07_17-08-25_UTC_1.jpg 2020-02-07_17-08-25_UTC_2.jpg,-22.76805,-41.90078,"Armação Dos Búzios, Rio De Janeiro, Brazil"
2019-03-27_10-44-34_UTC.jpg,-24.31667,-46.18333,Laje de Santos
2018-11-22_22-36-11_UTC.jpg,,,
2019-04-17_08-09-01_UTC.jpg,-23.0011,-44.3196,angra dos reis
2019-12-12_22-47-09_UTC_2.jpg 2019-12-12_22-47-09_UTC_1.jpg,,,
2019-11-03_02-46-26_UTC.jpg,,,
2019-10-14_15-28-28_UTC.jpg,-8.5049314736,-35.0029563904,Porto de Galinhas
2019-02-27_00-28-53_UTC.jpg,,,
2019-04-13_00-26-38_UTC.jpg,-23.11667,-44.3,Ponta Grossa do Sítio Forte
2018-08-15_00-00-50_UTC_1.jpg 2018-08-15_00-00-50_UTC_2.jpg,,,
2018-10-08_10-57-34_UTC.jpg,-9.08746,-35.2634,japaratinga
2019-08-15_22-56-13_UTC.jpg,,,
2019-05-03_14-22-09_UTC.jpg,,,
2018-10-18_22-45-25_UTC.jpg,,,
2020-05-21_22-13-34_UTC_1.jpg 2020-05-21_22-13-34_UTC_2.jpg 2020-05-21_22-13-34_UTC_3.jpg,,,
2020-04-20_10-46-51_UTC.jpg,-8.0639,-34.87317,Projeto Conservação Recifal (PCR)
2019-02-20_00-40-29_UTC_3.jpg 2019-02-20_00-40-29_UTC_4.jpg 2019-02-20_00-40-29_UTC_5.jpg 2019-02-20_00-40-29_UTC_7.jpg 2019-02-20_00-40-29_UTC_2.jpg 2019-02-20_00-40-29_UTC_6.jpg 2019-02-20_00-40-29_UTC_8.jpg 2019-02-20_00-40-29_UTC_9.jpg 2019-02-20_00-40-29_UTC_1.jpg,-8.7630169081,-35.1042623818,ICMBio Costa dos Corais
2020-02-15_01-19-56_UTC.jpg,,,porto de galinhas 
2018-08-01_00-03-09_UTC_1.jpg 2018-08-01_00-03-09_UTC_2.jpg,,,
2019-01-23_11-43-29_UTC.jpg,-23.622171,-46.411453,Parque Estadual Marinho da Laje de Santos
2020-03-15_02-19-01_UTC.jpg,-9.007439999999999,-35.2267,maragogi
2019-05-02_23-05-28_UTC_2.jpg 2019-05-02_23-05-28_UTC_1.jpg,,,
2019-04-19_20-32-27_UTC.jpg,-7.0763381,-34.8304877,Caribessa
2020-02-08_02-52-01_UTC.jpg,-23.7951,-45.4143,são sebastião
2018-10-18_20-58-26_UTC.jpg,,,
2020-01-22_09-33-46_UTC.jpg,-28.4498,-52.1986,maraú
2020-05-09_15-05-48_UTC_1.jpg 2020-05-09_15-05-48_UTC_2.jpg,-9.08746,-35.2634,japaratinga
2020-02-17_11-37-05_UTC.jpg,-8.9330611525,-35.1667035031,"Maragogi, Alagoas"
2019-01-23_22-35-13_UTC.jpg,,,
2020-02-13_22-48-49_UTC_4.jpg 2020-02-13_22-48-49_UTC_1.jpg 2020-02-13_22-48-49_UTC_2.jpg 2020-02-13_22-48-49_UTC_5.jpg 2020-02-13_22-48-49_UTC_3.jpg,,,
2020-05-29_14-13-31_UTC.jpg,-9.08746,-35.2634,japaratinga
2018-08-01_00-14-22_UTC.jpg,,,
2019-12-04_01-02-13_UTC.jpg,-20.7,-40.41667,Ilha Escalvada
2020-03-04_19-12-15_UTC.jpg,-24.31667,-46.18333,Laje de Santos
2019-04-13_12-38-33_UTC.jpg,,,
2019-07-02_22-33-40_UTC_4.jpg 2019-07-02_22-33-40_UTC_3.jpg 2019-07-02_22-33-40_UTC_1.jpg 2019-07-02_22-33-40_UTC_2.jpg,,,
2019-01-22_23-21-18_UTC.jpg,,,
2018-11-13_23-15-36_UTC.jpg,,,
2019-03-05_13-46-09_UTC.jpg,-8.89788,-35.14476,"São José Da Coroa Grande, Pernambuco, Brazil"
2019-06-26_19-49-31_UTC.jpg,-24.31667,-46.18333,Laje de Santos
2019-10-27_00-15-45_UTC_9.jpg 2019-10-27_00-15-45_UTC_10.jpg 2019-10-27_00-15-45_UTC_4.jpg 2019-10-27_00-15-45_UTC_2.jpg 2019-10-27_00-15-45_UTC_6.jpg 2019-10-27_00-15-45_UTC_3.jpg 2019-10-27_00-15-45_UTC_5.jpg 2019-10-27_00-15-45_UTC_7.jpg 2019-10-27_00-15-45_UTC_8.jpg 2019-10-27_00-15-45_UTC_1.jpg,-8.2900744641,-35.0381478279,Praia Do Paiva
2019-08-04_09-53-17_UTC.jpg,-16.4038992286,-39.0451502037,Parque marinho Recife de Fora
2018-06-13_00-52-51_UTC_2.jpg 2018-06-13_00-52-51_UTC_1.jpg,,,
2019-04-05_12-29-32_UTC.jpg,-7.0763381,-34.8304877,Caribessa
2018-10-11_23-10-24_UTC_2.jpg 2018-10-11_23-10-24_UTC_1.jpg 2018-10-11_23-10-24_UTC_3.jpg,,,
2020-03-02_19-53-15_UTC.jpg,-3.857131,-32.40913,Atalaia Beach
2019-06-21_11-49-40_UTC.jpg,-5.27472,-35.38253,Rio do Fogo
2020-04-30_23-10-10_UTC.jpg,,,
2017-11-08_14-59-05_UTC.jpg,-16.442882,-39.063344,Abrolhos
2019-02-21_21-11-28_UTC.jpg,,,Arraial Do Cabo - Rio de Janeiro
2020-05-22_09-13-42_UTC.jpg,-9.26518,-35.3723,São Miguel dos Milagres
2019-09-17_23-10-56_UTC.jpg,,,
2019-10-17_10-57-44_UTC.jpg,-5.4125015649,-35.3100113021,"Maracajaú, Rio Grande Do Norte, Brazil"
2020-02-08_02-50-04_UTC.jpg,-23.7951,-45.4143,são sebastião
2015-06-01_20-53-53_UTC.jpg,-7.1150899999999995,-34.8641,joão pessoa
2019-12-11_00-48-56_UTC.jpg,,,
2019-06-13_23-09-12_UTC.jpg,,,
2019-02-14_22-16-43_UTC.jpg,,,
2019-12-10_22-14-38_UTC.jpg,,,
2018-11-13_20-07-08_UTC.jpg,,,
2019-03-26_23-21-07_UTC.jpg,,,
2020-04-07_13-42-32_UTC.jpg,-9.08746,-35.2634,japaratinga
2019-12-11_11-11-27_UTC_2.jpg 2019-12-11_11-11-27_UTC_1.jpg,,,
2018-08-26_15-52-00_UTC.jpg,,,
2019-12-13_11-21-33_UTC.jpg,-9.249575,-35.352971,Apa Costa Dos Corais
2019-09-19_22-41-03_UTC_3.jpg 2019-09-19_22-41-03_UTC_1.jpg 2019-09-19_22-41-03_UTC_2.jpg,,,
2019-03-29_00-09-24_UTC_2.jpg 2019-03-29_00-09-24_UTC_1.jpg,,,
2020-03-10_13-28-50_UTC.jpg,-24.31667,-46.18333,Laje de Santos
2019-02-18_15-16-58_UTC.jpg,,,abrolhos
2018-06-29_00-22-11_UTC.jpg,-5.2765,-35.3794,rio do fogo
2020-01-02_01-46-48_UTC.jpg,-9.014301234,-35.222041477,Maragogi - Alagoas - Caribe Brasileiro
2019-12-05_22-30-42_UTC_2.jpg 2019-12-05_22-30-42_UTC_1.jpg,,,
2019-01-29_09-54-55_UTC.jpg,,,
2019-01-23_13-45-28_UTC.jpg,-9.57,-36.55,Alagoas
2020-02-10_13-23-36_UTC.jpg,-24.0998552421,-45.690742097,Arquipélago dos Alcatrazes
2019-12-05_01-06-23_UTC.jpg,-7.0763381,-34.8304877,Caribessa
2019-11-07_22-55-14_UTC_1.jpg 2019-11-07_22-55-14_UTC_2.jpg 2019-11-07_22-55-14_UTC_3.jpg,,,
2019-09-13_18-57-36_UTC.jpg,,,
2020-02-11_22-46-35_UTC_2.jpg 2020-02-11_22-46-35_UTC_1.jpg,,,
2020-03-10_23-12-24_UTC_2.jpg 2020-03-10_23-12-24_UTC_1.jpg 2020-03-10_23-12-24_UTC_3.jpg,,,
2019-03-23_00-13-30_UTC.jpg,-16.5139465,-39.0745015,Arraial d'Ajuda
2019-09-12_23-04-30_UTC_1.jpg 2019-09-12_23-04-30_UTC_2.jpg,,,
2019-04-18_02-33-17_UTC.jpg,-7.0763381,-34.8304877,Caribessa
2020-05-08_13-44-28_UTC.jpg,-24.31667,-46.18333,Laje de Santos
2020-02-14_02-30-33_UTC.jpg,-7.0763381,-34.8304877,Caribessa
2019-08-06_23-01-06_UTC.jpg,,,
2020-02-07_17-46-59_UTC.jpg,-23.51667,-45.03333,Ilha das Cabras
2019-10-23_10-42-45_UTC.jpg,,,
2019-11-02_02-27-41_UTC.jpg,,,abrolhos
2019-02-23_16-03-32_UTC.jpg,-17.7308649798,-39.1844052211,Abrolhos Ecotur
2019-11-11_15-27-57_UTC.jpg,-7.0656390736,-34.8412517907,"Praia Do Bessa, João Pessoa, Paraiba"
2018-12-27_14-37-03_UTC.jpg,-3.8396,-32.4107,fernando de noronha
2019-04-24_00-01-17_UTC_2.jpg 2019-04-24_00-01-17_UTC_1.jpg,,,
2019-03-30_18-40-31_UTC.jpg,-7.0763381,-34.8304877,Caribessa
2019-02-28_12-28-15_UTC.jpg,-23.622171,-46.411453,Parque Estadual Marinho da Laje de Santos
2019-03-05_09-32-04_UTC_1.jpg 2019-03-05_09-32-04_UTC_2.jpg,-8.89788,-35.14476,"São José Da Coroa Grande, Pernambuco, Brazil"
2020-01-13_23-42-03_UTC.jpg,-9.26518,-35.3723,São Miguel dos Milagres
2019-02-26_18-05-15_UTC.jpg,-13.4904,-39.0465,cairu
2020-02-20_21-36-53_UTC.jpg,,,
2020-05-08_17-52-06_UTC_2.jpg 2020-05-08_17-52-06_UTC_1.jpg,,,
2019-12-11_15-23-46_UTC.jpg,-22.89262,-43.3229,Escola Estadual de Ensino Fundamental República - Faetec
2018-10-18_20-46-41_UTC.jpg,,,
2019-01-24_16-15-22_UTC.jpg,-23.622171,-46.411453,Parque Estadual Marinho da Laje de Santos
2018-07-19_22-50-24_UTC.jpg,,,
2019-06-03_10-55-20_UTC.jpg,-9.57,-36.55,Alagoas
2018-12-13_18-33-35_UTC.jpg,,,abrolhos
2018-08-24_15-34-33_UTC.jpg,,,
2018-12-23_18-35-58_UTC.jpg,-7.1150899999999995,-34.8641,joão pessoa
2019-03-28_11-07-41_UTC.jpg,-9.46442,-35.55228,"Paripueira, Alagoas, Brazil"
2018-01-02_00-43-35_UTC.jpg,,,
2020-02-06_00-32-26_UTC_3.jpg 2020-02-06_00-32-26_UTC_4.jpg 2020-02-06_00-32-26_UTC_2.jpg 2020-02-06_00-32-26_UTC_1.jpg,-23.8116389856,-45.3666596409,Receptivo Maremar Ilhabela - Passeios Ilhabela
2020-04-18_19-35-01_UTC.jpg,-5.79357,-35.1986,natal
2019-12-19_12-16-01_UTC.jpg,-9.26518,-35.3723,São Miguel dos Milagres
2019-10-31_23-06-28_UTC_2.jpg 2019-10-31_23-06-28_UTC_1.jpg,,,
2019-03-18_17-38-29_UTC.jpg,-5.2717347064,-35.3831888366,Parrachos Rio do Fogo
2019-10-23_14-39-07_UTC.jpg,,,porto de galinhas 
2018-06-20_00-23-08_UTC_5.jpg 2018-06-20_00-23-08_UTC_3.jpg 2018-06-20_00-23-08_UTC_2.jpg 2018-06-20_00-23-08_UTC_1.jpg 2018-06-20_00-23-08_UTC_4.jpg,,,
2019-02-20_19-41-00_UTC.jpg,,,bahia de todos os santos
2020-05-05_22-50-11_UTC.jpg,,,
2019-10-24_18-54-55_UTC.jpg,,,
2020-05-26_20-34-05_UTC.jpg,-8.019095,-34.94956754,UFRPE
2018-06-26_22-15-31_UTC_4.jpg 2018-06-26_22-15-31_UTC_2.jpg 2018-06-26_22-15-31_UTC_3.jpg 2018-06-26_22-15-31_UTC_5.jpg 2018-06-26_22-15-31_UTC_1.jpg,,,abrolhos
2020-04-07_23-13-50_UTC_1.jpg 2020-04-07_23-13-50_UTC_2.jpg,,,
2019-03-24_01-20-51_UTC.jpg,-9.0015019687,-35.2106387026,Pontal do Maragogi
2019-04-29_00-04-31_UTC_1.jpg 2019-04-29_00-04-31_UTC_4.jpg 2019-04-29_00-04-31_UTC_2.jpg 2019-04-29_00-04-31_UTC_3.jpg,-22.9056689135,-43.1334381077,UFF - Campus Praia Vermelha
2019-07-31_12-15-09_UTC.jpg,-9.08746,-35.2634,japaratinga
2019-08-22_22-37-48_UTC.jpg,,,
2019-05-29_11-14-42_UTC.jpg,-9.08746,-35.2634,japaratinga
2020-01-14_23-21-27_UTC.jpg,,,
2019-02-16_22-42-54_UTC_2.jpg 2019-02-16_22-42-54_UTC_6.jpg 2019-02-16_22-42-54_UTC_5.jpg 2019-02-16_22-42-54_UTC_1.jpg 2019-02-16_22-42-54_UTC_7.jpg 2019-02-16_22-42-54_UTC_3.jpg 2019-02-16_22-42-54_UTC_4.jpg 2019-02-16_22-42-54_UTC_8.jpg,-21.7803671501,-43.3422705723,"Arquipélago de Abrolhos, Caravelas, Bahia"
2019-09-10_23-26-48_UTC.jpg,,,
2019-01-21_23-56-23_UTC.jpg,-23.622171,-46.411453,Parque Estadual Marinho da Laje de Santos
2019-04-03_11-56-49_UTC_1.jpg 2019-04-03_11-56-49_UTC_3.jpg 2019-04-03_11-56-49_UTC_4.jpg 2019-04-03_11-56-49_UTC_2.jpg 2019-04-03_11-56-49_UTC_5.jpg,-5.8008,-35.2095,"Natal, Rio Grande do Norte"
2020-05-29_00-41-04_UTC.jpg,,,
2019-11-13_02-44-05_UTC.jpg,-13.43148,-49.14295,"Porangatu, Goias, Brazil"
2019-03-16_15-02-33_UTC.jpg,-7.1602586248,-34.7950664163,Praia Ponta do Seixas
2020-02-21_11-11-11_UTC.jpg,,,
2019-05-03_14-21-15_UTC.jpg,,,
2019-03-12_22-52-43_UTC.jpg,,,
2020-02-17_12-33-36_UTC_10.jpg 2020-02-17_12-33-36_UTC_1.jpg 2020-02-17_12-33-36_UTC_6.jpg 2020-02-17_12-33-36_UTC_8.jpg 2020-02-17_12-33-36_UTC_5.jpg 2020-02-17_12-33-36_UTC_9.jpg 2020-02-17_12-33-36_UTC_2.jpg 2020-02-17_12-33-36_UTC_7.jpg 2020-02-17_12-33-36_UTC_3.jpg 2020-02-17_12-33-36_UTC_4.jpg,-24.0998552421,-45.690742097,Arquipélago dos Alcatrazes
2019-05-06_20-13-15_UTC.jpg,-5.2717347064,-35.3831888366,Parrachos Rio do Fogo
2019-07-19_00-51-13_UTC.jpg,-8.5049314736,-35.0029563904,Porto de Galinhas
2020-05-07_13-11-18_UTC_2.jpg 2020-05-07_13-11-18_UTC_1.jpg,-9.249575,-35.352971,Apa Costa Dos Corais
2019-08-04_07-58-44_UTC.jpg,-16.4427,-39.0833,Porto Seguro
2019-10-30_15-22-25_UTC.jpg,,,
2018-09-25_21-17-06_UTC.jpg,,,
2019-06-10_12-23-00_UTC.jpg,-9.08746,-35.2634,japaratinga
2018-12-27_22-21-51_UTC.jpg,,,
2019-03-01_14-00-16_UTC.jpg,-23.622171,-46.411453,Parque Estadual Marinho da Laje de Santos
2019-01-31_02-20-03_UTC.jpg,-17.735,-39.26254,"Caravelas, Bahia, Brazil"
2019-08-06_11-30-03_UTC.jpg,,,
2018-09-04_21-48-42_UTC_5.jpg 2018-09-04_21-48-42_UTC_6.jpg 2018-09-04_21-48-42_UTC_4.jpg 2018-09-04_21-48-42_UTC_2.jpg 2018-09-04_21-48-42_UTC_3.jpg 2018-09-04_21-48-42_UTC_1.jpg,,,abrolhos
2019-07-18_22-47-24_UTC.jpg,,,
2019-10-30_03-12-05_UTC.jpg,-22.9817,-43.7008,"Sepetiba, Rio De Janeiro, Brazil"
2019-04-25_23-10-49_UTC.jpg,,,
2020-05-24_19-26-35_UTC.jpg,-8.046660000000001,-34.8771,recife
2019-06-06_10-53-52_UTC.jpg,-22.9,-43.2,Rio de Janeiro
2019-02-21_21-57-30_UTC_2.jpg 2019-02-21_21-57-30_UTC_1.jpg,-8.9851338296,-35.1918762073,Pousada Sol e Mar
2019-04-23_02-38-46_UTC_1.jpg 2019-04-23_02-38-46_UTC_2.jpg 2019-04-23_02-38-46_UTC_3.jpg,-10.35,-36.2833,"Pontal Do Peba, Alagoas, Brazil"
2019-12-31_22-03-26_UTC.jpg,,,
2018-06-03_21-16-57_UTC_2.jpg 2018-06-03_21-16-57_UTC_1.jpg,,,
2019-12-02_01-24-48_UTC.jpg,-5.2717347064,-35.3831888366,Parrachos Rio do Fogo
2018-10-29_22-35-41_UTC.jpg,,,abrolhos
2019-05-17_10-08-06_UTC.jpg,-9.08746,-35.2634,japaratinga
2020-02-05_19-52-30_UTC_4.jpg 2020-02-05_19-52-30_UTC_2.jpg 2020-02-05_19-52-30_UTC_3.jpg 2020-02-05_19-52-30_UTC_1.jpg,-23.82396,-45.36689,"Ilhabela, Sao Paulo, Brazil"
2019-08-22_22-30-49_UTC.jpg,-28.4498,-52.1986,maraú
2018-08-29_00-01-03_UTC_1.jpg 2018-08-29_00-01-03_UTC_2.jpg,,,
2018-08-02_23-56-50_UTC_1.jpg 2018-08-02_23-56-50_UTC_2.jpg,,,
2018-11-15_22-44-18_UTC_2.jpg 2018-11-15_22-44-18_UTC_1.jpg,,,
2019-10-04_16-25-00_UTC.jpg,-7.0763381,-34.8304877,Caribessa
2018-09-06_22-59-38_UTC.jpg,,,
2019-02-27_13-48-36_UTC.jpg,-8.89788,-35.14476,"São José Da Coroa Grande, Pernambuco, Brazil"
2020-01-19_22-10-20_UTC.jpg,-8.75665,-35.1033,tamandaré
2019-02-26_14-08-59_UTC.jpg,-7.1150899999999995,-34.8641,joão pessoa
2019-11-17_22-28-55_UTC.jpg,,,
2020-05-29_08-56-10_UTC.jpg,-24.31667,-46.18333,Laje de Santos
2019-02-21_23-26-06_UTC_1.jpg 2019-02-21_23-26-06_UTC_2.jpg,-3.8396,-32.4107,fernando de noronha
2020-03-09_04-43-12_UTC_3.jpg 2020-03-09_04-43-12_UTC_1.jpg 2020-03-09_04-43-12_UTC_10.jpg 2020-03-09_04-43-12_UTC_9.jpg 2020-03-09_04-43-12_UTC_5.jpg 2020-03-09_04-43-12_UTC_7.jpg 2020-03-09_04-43-12_UTC_6.jpg 2020-03-09_04-43-12_UTC_8.jpg 2020-03-09_04-43-12_UTC_2.jpg 2020-03-09_04-43-12_UTC_4.jpg,-24.0998552421,-45.690742097,Arquipélago dos Alcatrazes
2017-09-09_20-45-50_UTC.jpg,,,
2019-10-03_23-13-28_UTC_2.jpg 2019-10-03_23-13-28_UTC_1.jpg 2019-10-03_23-13-28_UTC_3.jpg,,,abrolhos
2019-05-29_13-56-47_UTC.jpg,-16.4038992286,-39.0451502037,Parque marinho Recife de Fora
2019-02-04_12-39-25_UTC.jpg,-8.7630169081,-35.1042623818,ICMBio Costa dos Corais
2020-04-14_22-32-17_UTC.jpg,,,
2019-05-09_15-17-13_UTC.jpg,-22.95453,-42.03665,Arraial do Cabo
2020-05-16_12-19-41_UTC.jpg,,,
2019-01-30_13-24-42_UTC.jpg,-22.9975,-44.3055,"Angra dos Reis, Rio de Janeiro, Brazil"
2018-07-16_23-04-00_UTC.jpg,,,
2018-12-11_23-22-51_UTC.jpg,,,abrolhos
2020-05-16_19-10-46_UTC.jpg,-24.31667,-46.18333,Laje de Santos
2020-05-23_22-29-50_UTC.jpg,,,
2020-05-15_02-03-27_UTC.jpg,-7.1207,-34.8627,"João Pessoa, Brazil"
2020-02-14_12-22-41_UTC.jpg,-8.9330611525,-35.1667035031,"Maragogi, Alagoas"
2020-03-05_04-24-20_UTC.jpg,-8.74989,-35.09696,"Tamandaré, Pernambuco, Brazil"
2019-05-24_12-32-09_UTC.jpg,-8.89788,-35.14476,"São José Da Coroa Grande, Pernambuco, Brazil"
2020-05-21_21-03-56_UTC.jpg,,,
